{
    "Ar36": {
        "error": 0.001845930417173612, 
        "fit": "Parabolic", 
        "value": 0.026853668637874552
    }, 
    "Ar37": {
        "error": 0.045747875694798289, 
        "fit": "linear", 
        "value": -0.0044998323307347075
    }, 
    "Ar38": {
        "error": 0.020285333089859015, 
        "fit": "linear", 
        "value": 1.0699024630498555
    }, 
    "Ar39": {
        "error": 0.083122402211346313, 
        "fit": "Parabolic", 
        "value": 88.649022458400026
    }, 
    "Ar40": {
        "error": 0.28061318908654198, 
        "fit": "Parabolic", 
        "value": 1232.5181600877049
    }, 
    "Ar41": {
        "error": 0.11129318034648732, 
        "fit": "linear", 
        "value": 0.14986928072444428
    }
}