{
    "Ar36": {
        "error": 0.0017277476771136364, 
        "fit": "Parabolic", 
        "value": 0.026486229794900815
    }, 
    "Ar37": {
        "error": 0.045470725951363575, 
        "fit": "linear", 
        "value": -0.0079809799004687751
    }, 
    "Ar38": {
        "error": 0.020421529967991917, 
        "fit": "linear", 
        "value": 1.0722661176824873
    }, 
    "Ar39": {
        "error": 0.082580736598848931, 
        "fit": "Parabolic", 
        "value": 88.662112504747995
    }, 
    "Ar40": {
        "error": 0.29369436259065879, 
        "fit": "Parabolic", 
        "value": 1232.3975565611029
    }, 
    "Ar41": {
        "error": 0.11033307208006676, 
        "fit": "linear", 
        "value": 0.12248984475820965
    }
}