{
    "Ar36": {
        "error": 0.00010240752974454539, 
        "filter_outliers": true, 
        "fit": "Parabolic", 
        "fn": 380, 
        "include_baseline_error": false, 
        "iterations": 1, 
        "n": 400, 
        "std_devs": 2, 
        "value": 0.0007468445601866774
    }, 
    "Ar37": {
        "error": 0.004700719152065855, 
        "filter_outliers": true, 
        "fit": "Linear", 
        "fn": 379, 
        "include_baseline_error": false, 
        "iterations": 1, 
        "n": 400, 
        "std_devs": 2, 
        "value": -0.009804691122164567
    }, 
    "Ar38": {
        "error": 0.0019497640348641644, 
        "filter_outliers": true, 
        "fit": "Linear", 
        "fn": 378, 
        "include_baseline_error": false, 
        "iterations": 1, 
        "n": 400, 
        "std_devs": 2, 
        "value": -0.03373143292608096
    }, 
    "Ar39": {
        "error": 0.0084678525713564, 
        "filter_outliers": true, 
        "fit": "Parabolic", 
        "fn": 381, 
        "include_baseline_error": false, 
        "iterations": 1, 
        "n": 400, 
        "std_devs": 2, 
        "value": -0.20219309696763765
    }, 
    "Ar40": {
        "error": 0.006938102430383803, 
        "filter_outliers": true, 
        "fit": "Parabolic", 
        "fn": 382, 
        "include_baseline_error": false, 
        "iterations": 1, 
        "n": 400, 
        "std_devs": 2, 
        "value": 0.04167257981181518
    }, 
    "Ar41": {
        "error": 0.005623341103991698, 
        "filter_outliers": true, 
        "fit": "Average", 
        "fn": 388, 
        "include_baseline_error": false, 
        "iterations": 1, 
        "n": 400, 
        "std_devs": 2, 
        "value": -0.24101773570243692
    }, 
    "reviewed": true
}