{
    "AX": {
        "error": 0.04187241973967434, 
        "fit": "average", 
        "value": 0.026697913964629772
    }, 
    "CDD": {
        "error": 4.9235825320873864e-05, 
        "fit": "average", 
        "value": 1.5012385847512633e-05
    }, 
    "H1": {
        "error": 0.04335647937917704, 
        "fit": "average", 
        "value": -0.03643811122378987
    }, 
    "H2": {
        "error": 0.051301068478586453, 
        "fit": "average", 
        "value": 0.06843663759856758
    }, 
    "L1": {
        "error": 0.03780066693696278, 
        "fit": "average", 
        "value": 0.1393624968303923
    }, 
    "L2": {
        "error": 0.018822937916705633, 
        "fit": "average", 
        "value": -0.0026886800223697737
    }
}