{
    "AX": {
        "error": 0.046933243351019234, 
        "fit": "average", 
        "value": 0.03366372279418718
    }, 
    "CDD": {
        "error": 3.102388393703817e-05, 
        "fit": "average", 
        "value": 6.672171487783393e-06
    }, 
    "H1": {
        "error": 0.03983390648052137, 
        "fit": "average", 
        "value": -0.04103768451725707
    }, 
    "H2": {
        "error": 0.043494647770162695, 
        "fit": "average", 
        "value": 0.0841651058739476
    }, 
    "L1": {
        "error": 0.040329806577973144, 
        "fit": "average", 
        "value": 0.14260275553018725
    }, 
    "L2": {
        "error": 0.02039252757032274, 
        "fit": "average", 
        "value": -0.00036042228744374643
    }
}