{
    "AX": {
        "error": 0.03911995251265586, 
        "fit": "average", 
        "value": 0.0282821318394047
    }, 
    "CDD": {
        "error": 1.5780179864380305e-05, 
        "fit": "average", 
        "value": 1.6680428719458482e-06
    }, 
    "H1": {
        "error": 0.042288088658632476, 
        "fit": "average", 
        "value": -0.043141457479389925
    }, 
    "H2": {
        "error": 0.04726588551896389, 
        "fit": "average", 
        "value": 0.08374284474572552
    }, 
    "L1": {
        "error": 0.040399308004727096, 
        "fit": "average", 
        "value": 0.13861780942619195
    }, 
    "L2": {
        "error": 0.01940183053818159, 
        "fit": "average", 
        "value": 0.0012470093574794975
    }
}