{
    "AX": {
        "error": 0.04755508132878171, 
        "fit": "average", 
        "value": 0.021453376423747176
    }, 
    "CDD": {
        "error": 4.568633915605879e-05, 
        "fit": "average", 
        "value": 1.3344342975566785e-05
    }, 
    "H1": {
        "error": 0.03832520656194634, 
        "fit": "average", 
        "value": -0.044658769989974
    }, 
    "H2": {
        "error": 0.038862597801144774, 
        "fit": "average", 
        "value": 0.07429496365958792
    }, 
    "L1": {
        "error": 0.042544558105772776, 
        "fit": "average", 
        "value": 0.1369640040991968
    }, 
    "L2": {
        "error": 0.021104016687215118, 
        "fit": "average", 
        "value": -0.0028032714509553724
    }
}