{
    "AX": {
        "error": 0.047978154981339775, 
        "fit": "average", 
        "value": 0.027451215834870618
    }, 
    "CDD": {
        "error": 6.440964597379237e-05, 
        "fit": "average", 
        "value": 2.2518578771268948e-05
    }, 
    "H1": {
        "error": 0.03744966337100301, 
        "fit": "average", 
        "value": -0.03847018327927122
    }, 
    "H2": {
        "error": 0.04528914652071906, 
        "fit": "average", 
        "value": 0.07021583180425556
    }, 
    "L1": {
        "error": 0.05212992113317186, 
        "fit": "average", 
        "value": 0.14064740177629323
    }, 
    "L2": {
        "error": 0.021399752136958862, 
        "fit": "average", 
        "value": -0.0032517526095539244
    }
}