{
    "AX": {
        "error": 0.04644504194480845, 
        "fit": "average", 
        "value": -0.22167740937541514
    }, 
    "CDD": {
        "error": 3.281000223511193e-05, 
        "fit": "average", 
        "value": 7.506192923756317e-06
    }, 
    "H1": {
        "error": 0.037021384423515505, 
        "fit": "average", 
        "value": -0.04492505480305843
    }, 
    "H2": {
        "error": 0.09342363003230567, 
        "fit": "average", 
        "value": 0.06378321078053148
    }, 
    "L1": {
        "error": 0.0189120580136399, 
        "fit": "average", 
        "value": -0.03249985355297361
    }, 
    "L2": {
        "error": 0.04142558865904996, 
        "fit": "average", 
        "value": -0.025547752574519172
    }
}