{
    "AX": {
        "error": 0.05378209576054184, 
        "fit": "average_SEM", 
        "value": 0.005135914308387631
    }, 
    "CDD": {
        "error": 4.680569984986399e-05, 
        "fit": "average_SEM", 
        "value": 1.2732954928651452e-05
    }, 
    "H1": {
        "error": 0.13114568881208546, 
        "fit": "average_SEM", 
        "value": 0.0440831020338616
    }, 
    "H2": {
        "error": 0.13069698810345293, 
        "fit": "average_SEM", 
        "value": 0.3555551089346409
    }, 
    "L1": {
        "error": 0.12080426043507295, 
        "fit": "average_SEM", 
        "value": -0.0010695262752960844
    }, 
    "L2": {
        "error": 0.24310878043074063, 
        "fit": "average_SEM", 
        "value": 0.15991411488309193
    }
}