{
    "Ar36": {
        "error": 0.0014673482070718231, 
        "fit": "Parabolic", 
        "value": 0.01554604315524976
    }, 
    "Ar37": {
        "error": 0.01943688411988654, 
        "fit": "linear", 
        "value": 0.11926313089203328
    }, 
    "Ar38": {
        "error": 0.044534502330885864, 
        "fit": "linear", 
        "value": 0.14600171591733835
    }, 
    "Ar39": {
        "error": 0.051667498341247391, 
        "fit": "Parabolic", 
        "value": 0.55478171123321651
    }, 
    "Ar40": {
        "error": 0.042860221634900712, 
        "fit": "Parabolic", 
        "value": 4.7198124671791035
    }, 
    "Ar41": {
        "error": 0.052416397167951892, 
        "fit": "linear", 
        "value": 0.06711480314955498
    }
}