{
    "Ar36": {
        "error": 0.00089615111173239838, 
        "fit": "Parabolic", 
        "value": 0.0028339612619098439
    }, 
    "Ar37": {
        "error": 0.019072944325998979, 
        "fit": "linear", 
        "value": 0.10911783770224662
    }, 
    "Ar38": {
        "error": 0.046427252071434562, 
        "fit": "linear", 
        "value": 0.15212024860716739
    }, 
    "Ar39": {
        "error": 0.050992423149716609, 
        "fit": "Parabolic", 
        "value": 0.59623485530904707
    }, 
    "Ar40": {
        "error": 0.041425929277280706, 
        "fit": "Parabolic", 
        "value": 0.76069486702787259
    }, 
    "Ar41": {
        "error": 0.053357367074835543, 
        "fit": "linear", 
        "value": 0.067384120954772905
    }
}