{
    "Ar36": {
        "error": 0.0022110185531887551, 
        "fit": "Parabolic", 
        "value": 0.043327539289358716
    }, 
    "Ar37": {
        "error": 0.049362025840818211, 
        "fit": "linear", 
        "value": 0.89244486073612239
    }, 
    "Ar38": {
        "error": 0.021799501727642674, 
        "fit": "linear", 
        "value": -0.025787665267795759
    }, 
    "Ar39": {
        "error": 0.050581961622993603, 
        "fit": "Parabolic", 
        "value": 0.25354730585435986
    }, 
    "Ar40": {
        "error": 0.052036838666586767, 
        "fit": "Parabolic", 
        "value": 12.322880546105614
    }, 
    "Ar41": {
        "error": 0.10938808752732616, 
        "fit": "linear", 
        "value": -0.24467244861348497
    }
}