{
    "Ar36": {
        "error": 0.0021025265866214029, 
        "fit": "parabolic", 
        "value": 0.024159246273967813
    }, 
    "Ar37": {
        "error": 0.2643913302859866, 
        "fit": "linear", 
        "value": 0.28056338127289382
    }, 
    "Ar38": {
        "error": 0.12059158365992687, 
        "fit": "linear", 
        "value": 0.021475242294713086
    }, 
    "Ar39": {
        "error": 0.061070840645910597, 
        "fit": "parabolic", 
        "value": 0.066687977034803891
    }, 
    "Ar40": {
        "error": 0.12631771545302317, 
        "fit": "parabolic", 
        "value": 7.0660446733556901
    }, 
    "Ar41": {
        "error": 0.12530577567720433, 
        "fit": "average_SEM", 
        "value": 0.32941973326785956
    }
}