{
    "Ar36": {
        "error": 0.0015322855578179574, 
        "fit": "parabolic", 
        "value": 0.011698942063796782
    }, 
    "Ar37": {
        "error": 0.26408295126211145, 
        "fit": "linear", 
        "value": 3.8932292731446565
    }, 
    "Ar38": {
        "error": 0.11814987577520349, 
        "fit": "linear", 
        "value": 0.015826414376654246
    }, 
    "Ar39": {
        "error": 0.055445851248295555, 
        "fit": "parabolic", 
        "value": 2.1690051680272706
    }, 
    "Ar40": {
        "error": 0.11934033423935919, 
        "fit": "parabolic", 
        "value": 2.5842065869260251
    }, 
    "Ar41": {
        "error": 0.14011795819253425, 
        "fit": "average_SEM", 
        "value": 0.35399567822300015
    }
}